"country","country_code","emoji_code","country_title"
Switzerland,CH,ğŸ‡¨ğŸ‡­,ğŸ‡¨ğŸ‡­ - Switzerland
Germany,DE,ğŸ‡©ğŸ‡ª ,ğŸ‡©ğŸ‡ª  - Germany
Austria,AT,ğŸ‡¦ğŸ‡¹ ,ğŸ‡¦ğŸ‡¹  - Austria
Andorra ,AD ,ğŸ‡¦ğŸ‡© ,ğŸ‡¦ğŸ‡©  - Andorra
United Arab Emirates ,AE ,ğŸ‡¦ğŸ‡ª ,ğŸ‡¦ğŸ‡ª  - United Arab Emirates
Afghanistan ,AF ,ğŸ‡¦ğŸ‡« ,ğŸ‡¦ğŸ‡«  - Afghanistan
Antigua and Barbuda ,AG ,ğŸ‡¦ğŸ‡¬ ,ğŸ‡¦ğŸ‡¬  - Antigua and Barbuda
Anguilla ,AI ,ğŸ‡¦ğŸ‡® ,ğŸ‡¦ğŸ‡®  - Anguilla
Albania ,AL ,ğŸ‡¦ğŸ‡± ,ğŸ‡¦ğŸ‡±  - Albania
Armenia ,AM ,ğŸ‡¦ğŸ‡² ,ğŸ‡¦ğŸ‡²  - Armenia
Angola ,AO ,ğŸ‡¦ğŸ‡´ ,ğŸ‡¦ğŸ‡´  - Angola
Antarctica ,AQ ,ğŸ‡¦ğŸ‡¶ ,ğŸ‡¦ğŸ‡¶  - Antarctica
Argentina ,AR ,ğŸ‡¦ğŸ‡· ,ğŸ‡¦ğŸ‡·  - Argentina
American Samoa ,AS ,ğŸ‡¦ğŸ‡¸ ,ğŸ‡¦ğŸ‡¸  - American Samoa
Australia ,AU ,ğŸ‡¦ğŸ‡º ,ğŸ‡¦ğŸ‡º  - Australia
Aruba ,AW ,ğŸ‡¦ğŸ‡¼ ,ğŸ‡¦ğŸ‡¼  - Aruba
Ã…land Islands ,AX ,ğŸ‡¦ğŸ‡½ ,ğŸ‡¦ğŸ‡½  - Ã…land Islands
Azerbaijan ,AZ ,ğŸ‡¦ğŸ‡¿ ,ğŸ‡¦ğŸ‡¿  - Azerbaijan
Bosnia and Herzegovina ,BA ,ğŸ‡§ğŸ‡¦ ,ğŸ‡§ğŸ‡¦  - Bosnia and Herzegovina
Barbados ,BB ,ğŸ‡§ğŸ‡§ ,ğŸ‡§ğŸ‡§  - Barbados
Bangladesh ,BD ,ğŸ‡§ğŸ‡© ,ğŸ‡§ğŸ‡©  - Bangladesh
Belgium ,BE ,ğŸ‡§ğŸ‡ª ,ğŸ‡§ğŸ‡ª  - Belgium
Burkina Faso ,BF ,ğŸ‡§ğŸ‡« ,ğŸ‡§ğŸ‡«  - Burkina Faso
Bulgaria ,BG ,ğŸ‡§ğŸ‡¬ ,ğŸ‡§ğŸ‡¬  - Bulgaria
Bahrain ,BH ,ğŸ‡§ğŸ‡­ ,ğŸ‡§ğŸ‡­  - Bahrain
Burundi ,BI ,ğŸ‡§ğŸ‡® ,ğŸ‡§ğŸ‡®  - Burundi
Benin ,BJ ,ğŸ‡§ğŸ‡¯ ,ğŸ‡§ğŸ‡¯  - Benin
Saint BarthÃ©lemy ,BL ,ğŸ‡§ğŸ‡± ,ğŸ‡§ğŸ‡±  - Saint BarthÃ©lemy
Bermuda ,BM ,ğŸ‡§ğŸ‡² ,ğŸ‡§ğŸ‡²  - Bermuda
Brunei Darussalam ,BN ,ğŸ‡§ğŸ‡³ ,ğŸ‡§ğŸ‡³  - Brunei Darussalam
Bolivia ,BO ,ğŸ‡§ğŸ‡´ ,ğŸ‡§ğŸ‡´  - Bolivia
"Bonaire, Sint Eustatius and Saba ",BQ ,ğŸ‡§ğŸ‡¶ ,"ğŸ‡§ğŸ‡¶  - Bonaire, Sint Eustatius and Saba "
Brazil ,BR ,ğŸ‡§ğŸ‡· ,ğŸ‡§ğŸ‡·  - Brazil
Bahamas ,BS ,ğŸ‡§ğŸ‡¸ ,ğŸ‡§ğŸ‡¸  - Bahamas
Bhutan ,BT ,ğŸ‡§ğŸ‡¹ ,ğŸ‡§ğŸ‡¹  - Bhutan
Bouvet Island ,BV ,ğŸ‡§ğŸ‡» ,ğŸ‡§ğŸ‡»  - Bouvet Island
Botswana ,BW ,ğŸ‡§ğŸ‡¼ ,ğŸ‡§ğŸ‡¼  - Botswana
Belarus ,BY ,ğŸ‡§ğŸ‡¾ ,ğŸ‡§ğŸ‡¾  - Belarus
Belize ,BZ ,ğŸ‡§ğŸ‡¿ ,ğŸ‡§ğŸ‡¿  - Belize
Canada ,CA ,ğŸ‡¨ğŸ‡¦ ,ğŸ‡¨ğŸ‡¦  - Canada
Cocos (Keeling) Islands ,CC ,ğŸ‡¨ğŸ‡¨ ,ğŸ‡¨ğŸ‡¨  - Cocos (Keeling) Islands
Congo ,CD ,ğŸ‡¨ğŸ‡© ,ğŸ‡¨ğŸ‡©  - Congo
Central African Republic ,CF ,ğŸ‡¨ğŸ‡« ,ğŸ‡¨ğŸ‡«  - Central African Republic
Congo ,CG ,ğŸ‡¨ğŸ‡¬ ,ğŸ‡¨ğŸ‡¬  - Congo
CÃ´te D'Ivoire ,CI ,ğŸ‡¨ğŸ‡® ,ğŸ‡¨ğŸ‡®  - CÃ´te D'Ivoire
Cook Islands ,CK ,ğŸ‡¨ğŸ‡° ,ğŸ‡¨ğŸ‡°  - Cook Islands
Chile ,CL ,ğŸ‡¨ğŸ‡± ,ğŸ‡¨ğŸ‡±  - Chile
Cameroon ,CM ,ğŸ‡¨ğŸ‡² ,ğŸ‡¨ğŸ‡²  - Cameroon
China ,CN ,ğŸ‡¨ğŸ‡³ ,ğŸ‡¨ğŸ‡³  - China
Colombia ,CO ,ğŸ‡¨ğŸ‡´ ,ğŸ‡¨ğŸ‡´  - Colombia
Costa Rica ,CR ,ğŸ‡¨ğŸ‡· ,ğŸ‡¨ğŸ‡·  - Costa Rica
Cuba ,CU ,ğŸ‡¨ğŸ‡º ,ğŸ‡¨ğŸ‡º  - Cuba
Cape Verde ,CV ,ğŸ‡¨ğŸ‡» ,ğŸ‡¨ğŸ‡»  - Cape Verde
CuraÃ§ao ,CW ,ğŸ‡¨ğŸ‡¼ ,ğŸ‡¨ğŸ‡¼  - CuraÃ§ao
Christmas Island ,CX ,ğŸ‡¨ğŸ‡½ ,ğŸ‡¨ğŸ‡½  - Christmas Island
Cyprus ,CY ,ğŸ‡¨ğŸ‡¾ ,ğŸ‡¨ğŸ‡¾  - Cyprus
Czech Republic ,CZ ,ğŸ‡¨ğŸ‡¿ ,ğŸ‡¨ğŸ‡¿  - Czech Republic
Djibouti ,DJ ,ğŸ‡©ğŸ‡¯ ,ğŸ‡©ğŸ‡¯  - Djibouti
Denmark ,DK ,ğŸ‡©ğŸ‡° ,ğŸ‡©ğŸ‡°  - Denmark
Dominica ,DM ,ğŸ‡©ğŸ‡² ,ğŸ‡©ğŸ‡²  - Dominica
Dominican Republic ,DO ,ğŸ‡©ğŸ‡´ ,ğŸ‡©ğŸ‡´  - Dominican Republic
Algeria ,DZ ,ğŸ‡©ğŸ‡¿ ,ğŸ‡©ğŸ‡¿  - Algeria
Ecuador ,EC ,ğŸ‡ªğŸ‡¨ ,ğŸ‡ªğŸ‡¨  - Ecuador
Estonia ,EE ,ğŸ‡ªğŸ‡ª ,ğŸ‡ªğŸ‡ª  - Estonia
Egypt ,EG ,ğŸ‡ªğŸ‡¬ ,ğŸ‡ªğŸ‡¬  - Egypt
Western Sahara ,EH ,ğŸ‡ªğŸ‡­ ,ğŸ‡ªğŸ‡­  - Western Sahara
Eritrea ,ER ,ğŸ‡ªğŸ‡· ,ğŸ‡ªğŸ‡·  - Eritrea
Spain ,ES ,ğŸ‡ªğŸ‡¸ ,ğŸ‡ªğŸ‡¸  - Spain
Ethiopia ,ET ,ğŸ‡ªğŸ‡¹ ,ğŸ‡ªğŸ‡¹  - Ethiopia
Finland ,FI ,ğŸ‡«ğŸ‡® ,ğŸ‡«ğŸ‡®  - Finland
Fiji ,FJ ,ğŸ‡«ğŸ‡¯ ,ğŸ‡«ğŸ‡¯  - Fiji
Falkland Islands (Malvinas) ,FK ,ğŸ‡«ğŸ‡° ,ğŸ‡«ğŸ‡°  - Falkland Islands (Malvinas)
Micronesia ,FM ,ğŸ‡«ğŸ‡² ,ğŸ‡«ğŸ‡²  - Micronesia
Faroe Islands ,FO ,ğŸ‡«ğŸ‡´ ,ğŸ‡«ğŸ‡´  - Faroe Islands
France ,FR ,ğŸ‡«ğŸ‡· ,ğŸ‡«ğŸ‡·  - France
Gabon ,GA ,ğŸ‡¬ğŸ‡¦ ,ğŸ‡¬ğŸ‡¦  - Gabon
United Kingdom ,GB ,ğŸ‡¬ğŸ‡§ ,ğŸ‡¬ğŸ‡§  - United Kingdom
Grenada ,GD ,ğŸ‡¬ğŸ‡© ,ğŸ‡¬ğŸ‡©  - Grenada
Georgia ,GE ,ğŸ‡¬ğŸ‡ª ,ğŸ‡¬ğŸ‡ª  - Georgia
French Guiana ,GF ,ğŸ‡¬ğŸ‡« ,ğŸ‡¬ğŸ‡«  - French Guiana
Guernsey ,GG ,ğŸ‡¬ğŸ‡¬ ,ğŸ‡¬ğŸ‡¬  - Guernsey
Ghana ,GH ,ğŸ‡¬ğŸ‡­ ,ğŸ‡¬ğŸ‡­  - Ghana
Gibraltar ,GI ,ğŸ‡¬ğŸ‡® ,ğŸ‡¬ğŸ‡®  - Gibraltar
Greenland ,GL ,ğŸ‡¬ğŸ‡± ,ğŸ‡¬ğŸ‡±  - Greenland
Gambia ,GM ,ğŸ‡¬ğŸ‡² ,ğŸ‡¬ğŸ‡²  - Gambia
Guinea ,GN ,ğŸ‡¬ğŸ‡³ ,ğŸ‡¬ğŸ‡³  - Guinea
Guadeloupe ,GP ,ğŸ‡¬ğŸ‡µ ,ğŸ‡¬ğŸ‡µ  - Guadeloupe
Equatorial Guinea ,GQ ,ğŸ‡¬ğŸ‡¶ ,ğŸ‡¬ğŸ‡¶  - Equatorial Guinea
Greece ,GR ,ğŸ‡¬ğŸ‡· ,ğŸ‡¬ğŸ‡·  - Greece
South Georgia ,GS ,ğŸ‡¬ğŸ‡¸ ,ğŸ‡¬ğŸ‡¸  - South Georgia
Guatemala ,GT ,ğŸ‡¬ğŸ‡¹ ,ğŸ‡¬ğŸ‡¹  - Guatemala
Guam ,GU ,ğŸ‡¬ğŸ‡º ,ğŸ‡¬ğŸ‡º  - Guam
Guinea-Bissau ,GW ,ğŸ‡¬ğŸ‡¼ ,ğŸ‡¬ğŸ‡¼  - Guinea-Bissau
Guyana ,GY ,ğŸ‡¬ğŸ‡¾ ,ğŸ‡¬ğŸ‡¾  - Guyana
Hong Kong ,HK ,ğŸ‡­ğŸ‡° ,ğŸ‡­ğŸ‡°  - Hong Kong
Heard Island and Mcdonald Islands ,HM ,ğŸ‡­ğŸ‡² ,ğŸ‡­ğŸ‡²  - Heard Island and Mcdonald Islands
Honduras ,HN ,ğŸ‡­ğŸ‡³ ,ğŸ‡­ğŸ‡³  - Honduras
Croatia ,HR ,ğŸ‡­ğŸ‡· ,ğŸ‡­ğŸ‡·  - Croatia
Haiti ,HT ,ğŸ‡­ğŸ‡¹ ,ğŸ‡­ğŸ‡¹  - Haiti
Hungary ,HU ,ğŸ‡­ğŸ‡º ,ğŸ‡­ğŸ‡º  - Hungary
Indonesia ,ID ,ğŸ‡®ğŸ‡© ,ğŸ‡®ğŸ‡©  - Indonesia
Ireland ,IE ,ğŸ‡®ğŸ‡ª ,ğŸ‡®ğŸ‡ª  - Ireland
Israel ,IL ,ğŸ‡®ğŸ‡± ,ğŸ‡®ğŸ‡±  - Israel
Isle of Man ,IM ,ğŸ‡®ğŸ‡² ,ğŸ‡®ğŸ‡²  - Isle of Man
India ,IN ,ğŸ‡®ğŸ‡³ ,ğŸ‡®ğŸ‡³  - India
British Indian Ocean Territory ,IO ,ğŸ‡®ğŸ‡´ ,ğŸ‡®ğŸ‡´  - British Indian Ocean Territory
Iraq ,IQ ,ğŸ‡®ğŸ‡¶ ,ğŸ‡®ğŸ‡¶  - Iraq
Iran ,IR ,ğŸ‡®ğŸ‡· ,ğŸ‡®ğŸ‡·  - Iran
Iceland ,IS ,ğŸ‡®ğŸ‡¸ ,ğŸ‡®ğŸ‡¸  - Iceland
Italy ,IT ,ğŸ‡®ğŸ‡¹ ,ğŸ‡®ğŸ‡¹  - Italy
Jersey ,JE ,ğŸ‡¯ğŸ‡ª ,ğŸ‡¯ğŸ‡ª  - Jersey
Jamaica ,JM ,ğŸ‡¯ğŸ‡² ,ğŸ‡¯ğŸ‡²  - Jamaica
Jordan ,JO ,ğŸ‡¯ğŸ‡´ ,ğŸ‡¯ğŸ‡´  - Jordan
Japan ,JP ,ğŸ‡¯ğŸ‡µ ,ğŸ‡¯ğŸ‡µ  - Japan
Kenya ,KE ,ğŸ‡°ğŸ‡ª ,ğŸ‡°ğŸ‡ª  - Kenya
Kyrgyzstan ,KG ,ğŸ‡°ğŸ‡¬ ,ğŸ‡°ğŸ‡¬  - Kyrgyzstan
Cambodia ,KH ,ğŸ‡°ğŸ‡­ ,ğŸ‡°ğŸ‡­  - Cambodia
Kiribati ,KI ,ğŸ‡°ğŸ‡® ,ğŸ‡°ğŸ‡®  - Kiribati
Comoros ,KM ,ğŸ‡°ğŸ‡² ,ğŸ‡°ğŸ‡²  - Comoros
Saint Kitts and Nevis ,KN ,ğŸ‡°ğŸ‡³ ,ğŸ‡°ğŸ‡³  - Saint Kitts and Nevis
North Korea ,KP ,ğŸ‡°ğŸ‡µ ,ğŸ‡°ğŸ‡µ  - North Korea
South Korea ,KR ,ğŸ‡°ğŸ‡· ,ğŸ‡°ğŸ‡·  - South Korea
Kuwait ,KW ,ğŸ‡°ğŸ‡¼ ,ğŸ‡°ğŸ‡¼  - Kuwait
Cayman Islands ,KY ,ğŸ‡°ğŸ‡¾ ,ğŸ‡°ğŸ‡¾  - Cayman Islands
Kazakhstan ,KZ ,ğŸ‡°ğŸ‡¿ ,ğŸ‡°ğŸ‡¿  - Kazakhstan
Lao People's Democratic Republic ,LA ,ğŸ‡±ğŸ‡¦ ,ğŸ‡±ğŸ‡¦  - Lao People's Democratic Republic
Lebanon ,LB ,ğŸ‡±ğŸ‡§ ,ğŸ‡±ğŸ‡§  - Lebanon
Saint Lucia ,LC ,ğŸ‡±ğŸ‡¨ ,ğŸ‡±ğŸ‡¨  - Saint Lucia
Liechtenstein ,LI ,ğŸ‡±ğŸ‡® ,ğŸ‡±ğŸ‡®  - Liechtenstein
Sri Lanka ,LK ,ğŸ‡±ğŸ‡° ,ğŸ‡±ğŸ‡°  - Sri Lanka
Liberia ,LR ,ğŸ‡±ğŸ‡· ,ğŸ‡±ğŸ‡·  - Liberia
Lesotho ,LS ,ğŸ‡±ğŸ‡¸ ,ğŸ‡±ğŸ‡¸  - Lesotho
Lithuania ,LT ,ğŸ‡±ğŸ‡¹ ,ğŸ‡±ğŸ‡¹  - Lithuania
Luxembourg ,LU ,ğŸ‡±ğŸ‡º ,ğŸ‡±ğŸ‡º  - Luxembourg
Latvia ,LV ,ğŸ‡±ğŸ‡» ,ğŸ‡±ğŸ‡»  - Latvia
Libya ,LY ,ğŸ‡±ğŸ‡¾ ,ğŸ‡±ğŸ‡¾  - Libya
Morocco ,MA ,ğŸ‡²ğŸ‡¦ ,ğŸ‡²ğŸ‡¦  - Morocco
Monaco ,MC ,ğŸ‡²ğŸ‡¨ ,ğŸ‡²ğŸ‡¨  - Monaco
Moldova ,MD ,ğŸ‡²ğŸ‡© ,ğŸ‡²ğŸ‡©  - Moldova
Montenegro ,ME ,ğŸ‡²ğŸ‡ª ,ğŸ‡²ğŸ‡ª  - Montenegro
Saint Martin (French Part) ,MF ,ğŸ‡²ğŸ‡« ,ğŸ‡²ğŸ‡«  - Saint Martin (French Part)
Madagascar ,MG ,ğŸ‡²ğŸ‡¬ ,ğŸ‡²ğŸ‡¬  - Madagascar
Marshall Islands ,MH ,ğŸ‡²ğŸ‡­ ,ğŸ‡²ğŸ‡­  - Marshall Islands
Macedonia ,MK ,ğŸ‡²ğŸ‡° ,ğŸ‡²ğŸ‡°  - Macedonia
Mali ,ML ,ğŸ‡²ğŸ‡± ,ğŸ‡²ğŸ‡±  - Mali
Myanmar ,MM ,ğŸ‡²ğŸ‡² ,ğŸ‡²ğŸ‡²  - Myanmar
Mongolia ,MN ,ğŸ‡²ğŸ‡³ ,ğŸ‡²ğŸ‡³  - Mongolia
Macao ,MO ,ğŸ‡²ğŸ‡´ ,ğŸ‡²ğŸ‡´  - Macao
Northern Mariana Islands ,MP ,ğŸ‡²ğŸ‡µ ,ğŸ‡²ğŸ‡µ  - Northern Mariana Islands
Martinique ,MQ ,ğŸ‡²ğŸ‡¶ ,ğŸ‡²ğŸ‡¶  - Martinique
Mauritania ,MR ,ğŸ‡²ğŸ‡· ,ğŸ‡²ğŸ‡·  - Mauritania
Montserrat ,MS ,ğŸ‡²ğŸ‡¸ ,ğŸ‡²ğŸ‡¸  - Montserrat
Malta ,MT ,ğŸ‡²ğŸ‡¹ ,ğŸ‡²ğŸ‡¹  - Malta
Mauritius ,MU ,ğŸ‡²ğŸ‡º ,ğŸ‡²ğŸ‡º  - Mauritius
Maldives ,MV ,ğŸ‡²ğŸ‡» ,ğŸ‡²ğŸ‡»  - Maldives
Malawi ,MW ,ğŸ‡²ğŸ‡¼ ,ğŸ‡²ğŸ‡¼  - Malawi
Mexico ,MX ,ğŸ‡²ğŸ‡½ ,ğŸ‡²ğŸ‡½  - Mexico
Malaysia ,MY ,ğŸ‡²ğŸ‡¾ ,ğŸ‡²ğŸ‡¾  - Malaysia
Mozambique ,MZ ,ğŸ‡²ğŸ‡¿ ,ğŸ‡²ğŸ‡¿  - Mozambique
Namibia ,NA ,ğŸ‡³ğŸ‡¦ ,ğŸ‡³ğŸ‡¦  - Namibia
New Caledonia ,NC ,ğŸ‡³ğŸ‡¨ ,ğŸ‡³ğŸ‡¨  - New Caledonia
Niger ,NE ,ğŸ‡³ğŸ‡ª ,ğŸ‡³ğŸ‡ª  - Niger
Norfolk Island ,NF ,ğŸ‡³ğŸ‡« ,ğŸ‡³ğŸ‡«  - Norfolk Island
Nigeria ,NG ,ğŸ‡³ğŸ‡¬ ,ğŸ‡³ğŸ‡¬  - Nigeria
Nicaragua ,NI ,ğŸ‡³ğŸ‡® ,ğŸ‡³ğŸ‡®  - Nicaragua
Netherlands ,NL ,ğŸ‡³ğŸ‡± ,ğŸ‡³ğŸ‡±  - Netherlands
Norway ,NO ,ğŸ‡³ğŸ‡´ ,ğŸ‡³ğŸ‡´  - Norway
Nepal ,NP ,ğŸ‡³ğŸ‡µ ,ğŸ‡³ğŸ‡µ  - Nepal
Nauru ,NR ,ğŸ‡³ğŸ‡· ,ğŸ‡³ğŸ‡·  - Nauru
Niue ,NU ,ğŸ‡³ğŸ‡º ,ğŸ‡³ğŸ‡º  - Niue
New Zealand ,NZ ,ğŸ‡³ğŸ‡¿ ,ğŸ‡³ğŸ‡¿  - New Zealand
Oman ,OM ,ğŸ‡´ğŸ‡² ,ğŸ‡´ğŸ‡²  - Oman
Panama ,PA ,ğŸ‡µğŸ‡¦ ,ğŸ‡µğŸ‡¦  - Panama
Peru ,PE ,ğŸ‡µğŸ‡ª ,ğŸ‡µğŸ‡ª  - Peru
French Polynesia ,PF ,ğŸ‡µğŸ‡« ,ğŸ‡µğŸ‡«  - French Polynesia
Papua New Guinea ,PG ,ğŸ‡µğŸ‡¬ ,ğŸ‡µğŸ‡¬  - Papua New Guinea
Philippines ,PH ,ğŸ‡µğŸ‡­ ,ğŸ‡µğŸ‡­  - Philippines
Pakistan ,PK ,ğŸ‡µğŸ‡° ,ğŸ‡µğŸ‡°  - Pakistan
Poland ,PL ,ğŸ‡µğŸ‡± ,ğŸ‡µğŸ‡±  - Poland
Saint Pierre and Miquelon ,PM ,ğŸ‡µğŸ‡² ,ğŸ‡µğŸ‡²  - Saint Pierre and Miquelon
Pitcairn ,PN ,ğŸ‡µğŸ‡³ ,ğŸ‡µğŸ‡³  - Pitcairn
Puerto Rico ,PR ,ğŸ‡µğŸ‡· ,ğŸ‡µğŸ‡·  - Puerto Rico
Palestinian Territory ,PS ,ğŸ‡µğŸ‡¸ ,ğŸ‡µğŸ‡¸  - Palestinian Territory
Portugal ,PT ,ğŸ‡µğŸ‡¹ ,ğŸ‡µğŸ‡¹  - Portugal
Palau ,PW ,ğŸ‡µğŸ‡¼ ,ğŸ‡µğŸ‡¼  - Palau
Paraguay ,PY ,ğŸ‡µğŸ‡¾ ,ğŸ‡µğŸ‡¾  - Paraguay
Qatar ,QA ,ğŸ‡¶ğŸ‡¦ ,ğŸ‡¶ğŸ‡¦  - Qatar
RÃ©union ,RE ,ğŸ‡·ğŸ‡ª ,ğŸ‡·ğŸ‡ª  - RÃ©union
Romania ,RO ,ğŸ‡·ğŸ‡´ ,ğŸ‡·ğŸ‡´  - Romania
Serbia ,RS ,ğŸ‡·ğŸ‡¸ ,ğŸ‡·ğŸ‡¸  - Serbia
Russia ,RU ,ğŸ‡·ğŸ‡º ,ğŸ‡·ğŸ‡º  - Russia
Rwanda ,RW ,ğŸ‡·ğŸ‡¼ ,ğŸ‡·ğŸ‡¼  - Rwanda
Saudi Arabia ,SA ,ğŸ‡¸ğŸ‡¦ ,ğŸ‡¸ğŸ‡¦  - Saudi Arabia
Solomon Islands ,SB ,ğŸ‡¸ğŸ‡§ ,ğŸ‡¸ğŸ‡§  - Solomon Islands
Seychelles ,SC ,ğŸ‡¸ğŸ‡¨ ,ğŸ‡¸ğŸ‡¨  - Seychelles
Sudan ,SD ,ğŸ‡¸ğŸ‡© ,ğŸ‡¸ğŸ‡©  - Sudan
Sweden ,SE ,ğŸ‡¸ğŸ‡ª ,ğŸ‡¸ğŸ‡ª  - Sweden
Singapore ,SG ,ğŸ‡¸ğŸ‡¬ ,ğŸ‡¸ğŸ‡¬  - Singapore
"Saint Helena, Ascension and Tristan Da Cunha ",SH ,ğŸ‡¸ğŸ‡­ ,"ğŸ‡¸ğŸ‡­  - Saint Helena, Ascension and Tristan Da Cunha "
Slovenia ,SI ,ğŸ‡¸ğŸ‡® ,ğŸ‡¸ğŸ‡®  - Slovenia
Svalbard and Jan Mayen ,SJ ,ğŸ‡¸ğŸ‡¯ ,ğŸ‡¸ğŸ‡¯  - Svalbard and Jan Mayen
Slovakia ,SK ,ğŸ‡¸ğŸ‡° ,ğŸ‡¸ğŸ‡°  - Slovakia
Sierra Leone ,SL ,ğŸ‡¸ğŸ‡± ,ğŸ‡¸ğŸ‡±  - Sierra Leone
San Marino ,SM ,ğŸ‡¸ğŸ‡² ,ğŸ‡¸ğŸ‡²  - San Marino
Senegal ,SN ,ğŸ‡¸ğŸ‡³ ,ğŸ‡¸ğŸ‡³  - Senegal
Somalia ,SO ,ğŸ‡¸ğŸ‡´ ,ğŸ‡¸ğŸ‡´  - Somalia
Suriname ,SR ,ğŸ‡¸ğŸ‡· ,ğŸ‡¸ğŸ‡·  - Suriname
South Sudan ,SS ,ğŸ‡¸ğŸ‡¸ ,ğŸ‡¸ğŸ‡¸  - South Sudan
Sao Tome and Principe ,ST ,ğŸ‡¸ğŸ‡¹ ,ğŸ‡¸ğŸ‡¹  - Sao Tome and Principe
El Salvador ,SV ,ğŸ‡¸ğŸ‡» ,ğŸ‡¸ğŸ‡»  - El Salvador
Sint Maarten (Dutch Part) ,SX ,ğŸ‡¸ğŸ‡½ ,ğŸ‡¸ğŸ‡½  - Sint Maarten (Dutch Part)
Syrian Arab Republic ,SY ,ğŸ‡¸ğŸ‡¾ ,ğŸ‡¸ğŸ‡¾  - Syrian Arab Republic
Swaziland ,SZ ,ğŸ‡¸ğŸ‡¿ ,ğŸ‡¸ğŸ‡¿  - Swaziland
Turks and Caicos Islands ,TC ,ğŸ‡¹ğŸ‡¨ ,ğŸ‡¹ğŸ‡¨  - Turks and Caicos Islands
Chad ,TD ,ğŸ‡¹ğŸ‡© ,ğŸ‡¹ğŸ‡©  - Chad
French Southern Territories ,TF ,ğŸ‡¹ğŸ‡« ,ğŸ‡¹ğŸ‡«  - French Southern Territories
Togo ,TG ,ğŸ‡¹ğŸ‡¬ ,ğŸ‡¹ğŸ‡¬  - Togo
Thailand ,TH ,ğŸ‡¹ğŸ‡­ ,ğŸ‡¹ğŸ‡­  - Thailand
Tajikistan ,TJ ,ğŸ‡¹ğŸ‡¯ ,ğŸ‡¹ğŸ‡¯  - Tajikistan
Tokelau ,TK ,ğŸ‡¹ğŸ‡° ,ğŸ‡¹ğŸ‡°  - Tokelau
Timor-Leste ,TL ,ğŸ‡¹ğŸ‡± ,ğŸ‡¹ğŸ‡±  - Timor-Leste
Turkmenistan ,TM ,ğŸ‡¹ğŸ‡² ,ğŸ‡¹ğŸ‡²  - Turkmenistan
Tunisia ,TN ,ğŸ‡¹ğŸ‡³ ,ğŸ‡¹ğŸ‡³  - Tunisia
Tonga ,TO ,ğŸ‡¹ğŸ‡´ ,ğŸ‡¹ğŸ‡´  - Tonga
Turkey ,TR ,ğŸ‡¹ğŸ‡· ,ğŸ‡¹ğŸ‡·  - Turkey
Trinidad and Tobago ,TT ,ğŸ‡¹ğŸ‡¹ ,ğŸ‡¹ğŸ‡¹  - Trinidad and Tobago
Tuvalu ,TV ,ğŸ‡¹ğŸ‡» ,ğŸ‡¹ğŸ‡»  - Tuvalu
Taiwan ,TW ,ğŸ‡¹ğŸ‡¼ ,ğŸ‡¹ğŸ‡¼  - Taiwan
Tanzania ,TZ ,ğŸ‡¹ğŸ‡¿ ,ğŸ‡¹ğŸ‡¿  - Tanzania
Ukraine ,UA ,ğŸ‡ºğŸ‡¦ ,ğŸ‡ºğŸ‡¦  - Ukraine
Uganda ,UG ,ğŸ‡ºğŸ‡¬ ,ğŸ‡ºğŸ‡¬  - Uganda
United States Minor Outlying Islands ,UM ,ğŸ‡ºğŸ‡² ,ğŸ‡ºğŸ‡²  - United States Minor Outlying Islands
United States ,US ,ğŸ‡ºğŸ‡¸ ,ğŸ‡ºğŸ‡¸  - United States
Uruguay ,UY ,ğŸ‡ºğŸ‡¾ ,ğŸ‡ºğŸ‡¾  - Uruguay
Uzbekistan ,UZ ,ğŸ‡ºğŸ‡¿ ,ğŸ‡ºğŸ‡¿  - Uzbekistan
Vatican City ,VA ,ğŸ‡»ğŸ‡¦ ,ğŸ‡»ğŸ‡¦  - Vatican City
Saint Vincent and The Grenadines ,VC ,ğŸ‡»ğŸ‡¨ ,ğŸ‡»ğŸ‡¨  - Saint Vincent and The Grenadines
Venezuela ,VE ,ğŸ‡»ğŸ‡ª ,ğŸ‡»ğŸ‡ª  - Venezuela
"Virgin Islands, British ",VG ,ğŸ‡»ğŸ‡¬ ,"ğŸ‡»ğŸ‡¬  - Virgin Islands, British "
"Virgin Islands, U.S. ",VI ,ğŸ‡»ğŸ‡® ,"ğŸ‡»ğŸ‡®  - Virgin Islands, U.S. "
Viet Nam ,VN ,ğŸ‡»ğŸ‡³ ,ğŸ‡»ğŸ‡³  - Viet Nam
Vanuatu ,VU ,ğŸ‡»ğŸ‡º ,ğŸ‡»ğŸ‡º  - Vanuatu
Wallis and Futuna ,WF ,ğŸ‡¼ğŸ‡« ,ğŸ‡¼ğŸ‡«  - Wallis and Futuna
Samoa ,WS ,ğŸ‡¼ğŸ‡¸ ,ğŸ‡¼ğŸ‡¸  - Samoa
Yemen ,YE ,ğŸ‡¾ğŸ‡ª ,ğŸ‡¾ğŸ‡ª  - Yemen
Mayotte ,YT ,ğŸ‡¾ğŸ‡¹ ,ğŸ‡¾ğŸ‡¹  - Mayotte
South Africa ,ZA ,ğŸ‡¿ğŸ‡¦ ,ğŸ‡¿ğŸ‡¦  - South Africa
Zambia ,ZM ,ğŸ‡¿ğŸ‡² ,ğŸ‡¿ğŸ‡²  - Zambia
Zimbabwe ,ZW ,ğŸ‡¿ğŸ‡¼ ,ğŸ‡¿ğŸ‡¼  - Zimbabwe
